Ligand_1,Ligand_2,Exp. ddG,Pred. ddG,SEM,STD,crashes,target,ForceField
CAT-13g,CAT-13f,0.0,-0.297,0.115,0.8485,0,bace,OPLS 2015
CAT-13g,CAT-13e,-0.87,0.287,0.115,1.8062,0,bace,OPLS 2015
CAT-13f,CAT-13e,-0.87,0.583,0.115,1.2651,0,bace,OPLS 2015
CAT-13e,CAT-13d,-0.51,1.24,0.502,2.7482,0,bace,OPLS 2015
CAT-13e,CAT-17a,-0.77,0.42,0.502,3.0057,0,bace,OPLS 2015
CAT-17a,CAT-13d,0.26,0.82,0.502,0.9572,0,bace,OPLS 2015
CAT-13d,CAT-17h,0.14,-1.84,0.036,1.253,0,bace,OPLS 2015
CAT-13i,CAT-13d,-1.2,-1.078,0.25,1.572,0,bace,OPLS 2015
CAT-17b,CAT-13d,-0.45,2.474,0.488,1.4206,0,bace,OPLS 2015
CAT-17c,CAT-13d,-0.61,0.434,0.488,1.1131,0,bace,OPLS 2015
CAT-13h,CAT-13d,-0.84,-3.752,0.25,1.5706,0,bace,OPLS 2015
CAT-13d,CAT-17d,1.05,0.629,0.304,0.7903,0,bace,OPLS 2015
CAT-17h,CAT-17i,0.86,2.278,0.473,2.5687,0,bace,OPLS 2015
CAT-17h,CAT-17g,0.59,1.234,0.473,0.9055,0,bace,OPLS 2015
CAT-17h,CAT-17d,0.91,2.468,0.179,1.0383,0,bace,OPLS 2015
CAT-17i,CAT-17g,-0.27,-1.044,0.473,1.7772,0,bace,OPLS 2015
CAT-17i,CAT-17d,0.05,0.191,0.314,1.3932,0,bace,OPLS 2015
CAT-17e,CAT-17i,0.55,3.516,0.488,1.7864,0,bace,OPLS 2015
CAT-24,CAT-17i,1.88,4.423,0.488,1.408,0,bace,OPLS 2015
CAT-4j,CAT-17d,-0.4,2.192,0.314,1.1608,0,bace,OPLS 2015
CAT-17e,CAT-17b,0.0,0.604,0.488,1.9517,0,bace,OPLS 2015
CAT-24,CAT-17f,1.93,2.867,0.488,2.3126,0,bace,OPLS 2015
CAT-17f,CAT-17c,-0.44,0.684,0.488,1.0279,0,bace,OPLS 2015
CAT-4n,CAT-17f,-0.33,1.838,0.314,1.3905,0,bace,OPLS 2015
CAT-4n,CAT-4m,-0.06,-0.211,0.087,0.9144,0,bace,OPLS 2015
CAT-4n,CAT-4j,0.07,1.393,0.314,0.8797,0,bace,OPLS 2015
CAT-4m,CAT-4p,-0.93,-0.223,0.411,0.964,0,bace,OPLS 2015
CAT-4m,CAT-4o,-0.23,1.579,0.3,0.9735,0,bace,OPLS 2015
CAT-4m,CAT-4j,0.13,1.604,0.411,0.7306,0,bace,OPLS 2015
CAT-4p,CAT-4o,0.7,1.801,0.3,0.8406,0,bace,OPLS 2015
CAT-4p,CAT-13m,1.32,1.166,0.411,0.9489,0,bace,OPLS 2015
CAT-4j,CAT-4k,1.17,2.43,0.237,1.1104,0,bace,OPLS 2015
CAT-4j,CAT-4l,-0.32,0.65,0.115,1.0679,0,bace,OPLS 2015
CAT-13k,CAT-4j,0.68,-1.554,0.411,1.4968,0,bace,OPLS 2015
CAT-4j,CAT-4a,1.09,0.76,0.237,0.814,0,bace,OPLS 2015
CAT-4k,CAT-4a,-0.08,-1.67,0.237,0.8823,0,bace,OPLS 2015
CAT-4c,CAT-4a,-0.08,-0.309,0.554,1.1647,0,bace,OPLS 2015
CAT-4a,CAT-4i,-0.33,0.19,0.115,0.9055,0,bace,OPLS 2015
CAT-4d,CAT-4a,1.18,4.186,0.052,0.8677,0,bace,OPLS 2015
CAT-4b,CAT-4a,1.7,3.902,0.554,0.9981,0,bace,OPLS 2015
CAT-4c,CAT-4b,-1.78,-4.211,0.554,1.6264,0,bace,OPLS 2015
CAT-4d,CAT-4b,-0.52,0.284,0.052,0.9027,0,bace,OPLS 2015
CAT-4l,CAT-4i,1.08,0.3,0.115,0.8486,0,bace,OPLS 2015
CAT-13k,CAT-13m,0.94,-2.216,0.411,1.2778,0,bace,OPLS 2015
CAT-13k,CAT-13n,1.16,-0.358,1.028,1.0469,0,bace,OPLS 2015
CAT-13k,CAT-13j,0.97,-1.204,0.075,1.3384,0,bace,OPLS 2015
CAT-13k,CAT-13o,1.16,1.201,1.028,1.1526,0,bace,OPLS 2015
CAT-13n,CAT-13j,-0.19,-0.846,0.075,1.19,0,bace,OPLS 2015
CAT-13n,CAT-13o,0.0,1.559,1.028,1.2428,0,bace,OPLS 2015
CAT-13i,CAT-13b,0.15,0.138,0.25,1.5165,0,bace,OPLS 2015
CAT-13b,CAT-13a,0.28,-1.361,0.25,1.3479,0,bace,OPLS 2015
CAT-13c,CAT-13b,0.2,-0.169,0.144,1.0823,0,bace,OPLS 2015
CAT-13c,CAT-13a,0.48,-1.531,0.144,1.3297,0,bace,OPLS 2015
CAT-13h,CAT-13a,0.79,-3.898,0.25,3.3242,0,bace,OPLS 2015
1h1s,30,1.44,0.239,1.057,0.5622,0,cdk2,OPLS 2015
1h1s,1oiy,1.46,-0.093,0.188,0.9405,0,cdk2,OPLS 2015
1h1s,1oiu,2.17,-1.084,0.188,1.096,0,cdk2,OPLS 2015
32,1h1s,-1.5,-1.639,1.057,1.6225,1,cdk2,OPLS 2015
28,1h1s,-0.14,0.201,0.329,0.6824,0,cdk2,OPLS 2015
28,30,1.3,0.439,0.329,0.8955,0,cdk2,OPLS 2015
29,30,0.07,0.9,0.139,0.7018,0,cdk2,OPLS 2015
30,31,0.27,-0.534,0.064,0.836,0,cdk2,OPLS 2015
32,30,-0.06,-1.401,1.057,1.6542,0,cdk2,OPLS 2015
30,26,1.38,0.751,0.116,0.8656,0,cdk2,OPLS 2015
29,28,-1.23,0.46,0.139,0.8016,0,cdk2,OPLS 2015
31,26,1.11,1.286,0.064,0.8066,0,cdk2,OPLS 2015
26,1oi9,-1.31,-1.187,0.133,0.8021,0,cdk2,OPLS 2015
26,1h1q,0.25,0.403,0.133,0.8732,0,cdk2,OPLS 2015
1oi9,1h1q,1.56,1.59,0.188,0.6826,0,cdk2,OPLS 2015
1oiy,1oi9,0.05,-0.103,0.188,1.0439,0,cdk2,OPLS 2015
1h1r,1h1q,-0.51,-1.95,0.398,1.114,0,cdk2,OPLS 2015
17,1h1q,-1.14,-1.364,0.398,0.9513,0,cdk2,OPLS 2015
1h1r,17,0.63,-0.586,0.398,0.4743,0,cdk2,OPLS 2015
21,1h1r,0.16,0.47,0.104,1.2042,0,cdk2,OPLS 2015
20,1h1r,1.05,3.998,0.323,1.4209,0,cdk2,OPLS 2015
22,1h1r,0.19,-0.51,0.104,1.0112,0,cdk2,OPLS 2015
1oiu,1h1r,1.41,4.426,0.188,1.0837,0,cdk2,OPLS 2015
20,17,1.68,3.412,0.323,1.4392,0,cdk2,OPLS 2015
21,22,-0.03,0.98,0.104,0.8989,0,cdk2,OPLS 2015
18659-1,18658-1,-0.23,0.6,0.924,1.9865,0,jnk1,OPLS 2015
18658-1,18634-1,-0.29,-0.65,0.323,1.4545,0,jnk1,OPLS 2015
18660-1,18658-1,-1.0,0.96,0.924,3.8052,0,jnk1,OPLS 2015
18659-1,18634-1,-0.52,-0.05,0.323,1.796,0,jnk1,OPLS 2015
18660-1,18659-1,-0.77,0.36,0.924,2.3991,0,jnk1,OPLS 2015
18634-1,18631-1,0.58,0.24,0.779,1.7079,0,jnk1,OPLS 2015
17124-1,18634-1,-0.31,2.52,0.779,1.9169,0,jnk1,OPLS 2015
18631-1,18628-1,0.71,2.937,0.064,1.0401,0,jnk1,OPLS 2015
18631-1,18625-1,1.3,2.923,0.064,1.023,0,jnk1,OPLS 2015
17124-1,18631-1,0.27,2.76,0.779,1.2619,0,jnk1,OPLS 2015
18628-1,18625-1,0.59,-0.013,0.064,1.2823,0,jnk1,OPLS 2015
18635-1,18628-1,-1.41,-0.732,0.145,1.0445,0,jnk1,OPLS 2015
18628-1,18624-1,0.21,-0.138,0.145,0.9441,0,jnk1,OPLS 2015
18636-1,18628-1,-1.19,0.454,0.04,1.55,0,jnk1,OPLS 2015
18635-1,18630-1,-1.85,-0.742,0.145,1.1682,0,jnk1,OPLS 2015
18635-1,18636-1,-0.22,-1.186,0.04,1.2855,0,jnk1,OPLS 2015
18630-1,18624-1,0.65,-0.128,0.953,1.1385,0,jnk1,OPLS 2015
18629-1,18624-1,0.18,-0.167,0.352,1.2954,0,jnk1,OPLS 2015
18627-1,18624-1,-0.01,1.455,0.953,0.9683,0,jnk1,OPLS 2015
18626-1,18624-1,0.38,1.448,0.352,1.0653,0,jnk1,OPLS 2015
18630-1,18627-1,0.66,-1.583,0.953,1.2164,0,jnk1,OPLS 2015
18633-1,18630-1,0.03,1.852,0.531,1.004,0,jnk1,OPLS 2015
18633-1,18627-1,0.69,0.268,0.531,1.1094,0,jnk1,OPLS 2015
18629-1,18626-1,-0.2,-1.615,0.375,0.8596,0,jnk1,OPLS 2015
18632-1,18629-1,0.41,0.678,0.375,1.1289,0,jnk1,OPLS 2015
18632-1,18626-1,0.21,-0.938,0.375,1.2615,0,jnk1,OPLS 2015
18637-1,17124-1,0.46,-0.002,0.081,1.3822,0,jnk1,OPLS 2015
18638-1,17124-1,0.41,-0.324,1.022,1.0486,0,jnk1,OPLS 2015
18639-1,17124-1,0.06,-0.367,0.56,0.9426,0,jnk1,OPLS 2015
18652-1,17124-1,1.0,0.423,1.022,1.6294,0,jnk1,OPLS 2015
18637-1,18638-1,0.05,0.322,0.081,1.4241,0,jnk1,OPLS 2015
18652-1,18638-1,0.59,0.747,1.022,2.3816,0,jnk1,OPLS 2015
18638-1,18639-1,0.35,0.043,0.56,1.2426,0,jnk1,OPLS 2015
27,41,-1.01,-4.38,0.208,3.4286,6,mcl1,OPLS 2015
27,32,-0.46,0.249,0.179,0.7218,0,mcl1,OPLS 2015
27,33,-0.76,-1.222,0.396,1.1176,0,mcl1,OPLS 2015
27,30,-1.73,0.778,0.725,0.4442,1,mcl1,OPLS 2015
27,38,-0.9,-3.5,0.433,2.6,1,mcl1,OPLS 2015
27,34,-0.75,0.463,0.725,1.5095,1,mcl1,OPLS 2015
27,28,-0.5,2.042,0.396,1.6086,0,mcl1,OPLS 2015
27,39,-0.91,-2.7,0.208,3.0336,1,mcl1,OPLS 2015
27,40,-1.13,-4.87,0.433,4.6303,7,mcl1,OPLS 2015
39,41,-0.1,-1.68,0.208,1.9593,0,mcl1,OPLS 2015
32,43,-0.45,-3.005,0.791,0.5161,1,mcl1,OPLS 2015
30,32,1.27,-0.529,0.179,1.0253,0,mcl1,OPLS 2015
32,46,-1.02,-2.302,0.468,1.0548,0,mcl1,OPLS 2015
32,47,0.8,1.598,0.791,1.2746,0,mcl1,OPLS 2015
33,35,-1.93,-0.097,0.854,1.0293,1,mcl1,OPLS 2015
33,36,-1.3,-1.523,0.854,1.1597,0,mcl1,OPLS 2015
33,37,-2.07,0.324,0.037,1.3015,0,mcl1,OPLS 2015
33,64,-2.62,-1.586,0.396,2.3444,1,mcl1,OPLS 2015
30,31,-0.07,-1.473,0.725,0.6031,0,mcl1,OPLS 2015
38,40,-0.23,-1.37,0.433,1.7682,0,mcl1,OPLS 2015
35,36,0.63,-1.427,0.854,0.7077,0,mcl1,OPLS 2015
35,37,-0.14,1.302,0.79,1.6524,0,mcl1,OPLS 2015
35,52,-0.42,1.557,0.79,1.8892,0,mcl1,OPLS 2015
35,49,0.45,0.07,0.54,1.3871,0,mcl1,OPLS 2015
67,37,-1.37,3.199,0.135,1.4202,0,mcl1,OPLS 2015
37,53,-1.01,-3.407,0.79,1.8228,0,mcl1,OPLS 2015
37,56,-0.31,-3.871,0.135,1.461,0,mcl1,OPLS 2015
37,50,-0.38,-1.222,0.54,0.6161,0,mcl1,OPLS 2015
37,54,-0.83,-2.384,0.122,1.1364,0,mcl1,OPLS 2015
52,53,-0.73,-3.663,0.79,2.4598,1,mcl1,OPLS 2015
49,50,-0.97,0.01,0.54,0.8515,0,mcl1,OPLS 2015
61,50,-1.25,0.572,0.083,0.8417,0,mcl1,OPLS 2015
31,34,1.05,1.157,0.725,1.1604,0,mcl1,OPLS 2015
28,42,-2.28,-3.891,2.154,1.1157,0,mcl1,OPLS 2015
28,29,-0.32,-0.041,2.154,2.1781,0,mcl1,OPLS 2015
28,48,-0.04,-0.011,0.872,1.0754,0,mcl1,OPLS 2015
28,45,-2.33,-3.531,0.468,0.9552,0,mcl1,OPLS 2015
28,44,-2.05,-5.306,0.115,2.0265,0,mcl1,OPLS 2015
42,54,-0.88,-1.432,0.396,0.9005,0,mcl1,OPLS 2015
48,42,-2.24,-3.881,0.872,1.5227,0,mcl1,OPLS 2015
42,51,0.45,-1.426,0.11,1.5005,0,mcl1,OPLS 2015
42,44,0.23,-1.414,0.115,1.061,0,mcl1,OPLS 2015
45,42,0.05,-0.361,0.468,1.4389,0,mcl1,OPLS 2015
29,42,-1.96,-3.851,2.154,2.3243,0,mcl1,OPLS 2015
64,54,-0.28,-0.474,0.55,0.7778,6,mcl1,OPLS 2015
68,54,-2.09,-3.534,0.55,1.8923,8,mcl1,OPLS 2015
51,54,-1.33,-0.006,0.11,1.7844,0,mcl1,OPLS 2015
47,43,-1.25,-4.602,0.791,1.3366,7,mcl1,OPLS 2015
46,43,0.57,-0.702,0.468,0.9159,0,mcl1,OPLS 2015
23,64,-0.67,-0.378,0.55,1.3728,0,mcl1,OPLS 2015
23,62,0.87,-1.607,1.132,1.7383,0,mcl1,OPLS 2015
23,66,0.4,-1.913,1.132,1.0042,0,mcl1,OPLS 2015
26,23,-0.59,-0.748,0.55,1.5008,0,mcl1,OPLS 2015
66,62,0.47,0.307,1.132,1.2379,0,mcl1,OPLS 2015
60,61,0.84,1.675,0.219,1.8583,0,mcl1,OPLS 2015
65,61,0.33,2.347,0.219,1.5339,0,mcl1,OPLS 2015
60,63,-0.14,-0.241,0.135,0.6888,0,mcl1,OPLS 2015
60,65,0.51,-0.673,0.219,0.5441,0,mcl1,OPLS 2015
67,60,-1.34,-0.269,0.135,0.9932,0,mcl1,OPLS 2015
63,58,-0.35,-1.171,0.135,1.0707,0,mcl1,OPLS 2015
56,58,-0.15,-1.009,0.135,2.9729,0,mcl1,OPLS 2015
56,57,0.22,1.228,0.122,0.5523,0,mcl1,OPLS 2015
26,68,0.55,1.936,0.55,1.4741,0,mcl1,OPLS 2015
26,57,-0.8,-1.858,0.122,1.5008,1,mcl1,OPLS 2015
p38a-3fln,p38a-2x,0.65,1.406,0.52,1.0469,0,p38,OPLS 2015
p38a-2x,p38a-2g,-0.43,-2.574,0.52,0.8092,1,p38,OPLS 2015
p38a-3fln,p38a-2g,0.22,-1.168,0.604,0.6185,3,p38,OPLS 2015
p38a-2ff,p38a-3fln,0.56,0.742,0.733,0.5463,1,p38,OPLS 2015
p38a-3fln,p38a-2e,0.18,0.69,0.087,0.6297,0,p38,OPLS 2015
p38a-2l,p38a-3fln,1.38,2.065,0.035,0.9043,2,p38,OPLS 2015
p38a-2m,p38a-3fln,0.08,1.97,0.058,0.9538,1,p38,OPLS 2015
p38a-3fln,p38a-2j,0.8,0.043,0.886,0.6882,1,p38,OPLS 2015
p38a-3fln,p38a-2k,0.33,0.105,0.058,0.7155,1,p38,OPLS 2015
p38a-3fln,p38a-2v,1.91,3.244,0.704,0.895,5,p38,OPLS 2015
p38a-2gg,p38a-3fln,-0.22,-0.179,0.445,1.4124,1,p38,OPLS 2015
p38a-2ee,p38a-3fln,1.38,0.631,0.733,1.272,1,p38,OPLS 2015
p38a-3fln,p38a-3flz,1.39,-0.39,0.886,0.728,1,p38,OPLS 2015
p38a-2g,p38a-2h,1.18,1.737,0.604,0.5948,2,p38,OPLS 2015
p38a-2gg,p38a-2ff,-0.78,-0.921,0.445,0.7638,1,p38,OPLS 2015
p38a-2ee,p38a-2ff,0.82,-0.111,0.733,0.6721,1,p38,OPLS 2015
p38a-2ff,p38a-2v,2.47,3.986,0.704,1.7336,1,p38,OPLS 2015
p38a-2e,p38a-3flz,1.21,-1.08,0.121,0.772,3,p38,OPLS 2015
p38a-2e,p38a-2f,2.22,1.59,0.121,0.8273,1,p38,OPLS 2015
p38a-2f,p38a-3flz,-1.01,-2.67,0.121,0.813,0,p38,OPLS 2015
p38a-3flz,p38a-2c,-0.97,-0.12,0.886,2.2916,3,p38,OPLS 2015
p38a-2t,p38a-2l,-0.41,-1.279,0.069,0.899,2,p38,OPLS 2015
p38a-2r,p38a-2l,-1.47,-1.184,0.502,1.5672,2,p38,OPLS 2015
p38a-2n,p38a-2l,-0.41,0.242,0.502,0.9706,1,p38,OPLS 2015
p38a-2s,p38a-2l,-1.15,0.411,0.185,2.1441,0,p38,OPLS 2015
p38a-2m,p38a-2l,-1.3,-0.095,0.035,1.058,3,p38,OPLS 2015
p38a-2n,p38a-2t,0.0,1.521,0.069,1.1057,2,p38,OPLS 2015
p38a-2r,p38a-2n,-1.06,-1.426,0.502,1.2567,2,p38,OPLS 2015
p38a-2p,p38a-2n,-0.65,-0.167,0.514,1.6572,1,p38,OPLS 2015
p38a-2s,p38a-2n,-0.74,0.169,0.185,2.5272,2,p38,OPLS 2015
p38a-2o,p38a-2n,-1.36,-1.433,0.514,1.1374,0,p38,OPLS 2015
p38a-2p,p38a-2o,0.71,1.267,0.514,1.1044,3,p38,OPLS 2015
p38a-2q,p38a-2m,1.3,0.73,0.173,0.7341,1,p38,OPLS 2015
p38a-2u,p38a-2m,1.3,1.14,0.173,2.6822,2,p38,OPLS 2015
p38a-2m,p38a-2k,0.41,2.075,0.058,1.64,0,p38,OPLS 2015
p38a-2u,p38a-2q,0.0,0.41,0.173,1.656,1,p38,OPLS 2015
p38a-2j,p38a-2i,0.03,-0.897,0.886,0.386,4,p38,OPLS 2015
p38a-2i,p38a-2h,0.57,1.423,0.886,0.6629,1,p38,OPLS 2015
p38a-2h,p38a-2c,-0.98,-1.08,0.886,3.0901,2,p38,OPLS 2015
p38a-3fly,p38a-2v,2.45,2.396,1.127,0.6129,0,p38,OPLS 2015
p38a-2y,p38a-2v,0.81,3.464,1.127,2.4676,1,p38,OPLS 2015
p38a-2aa,p38a-3fly,-2.15,-0.568,1.178,1.85,0,p38,OPLS 2015
p38a-3flq,p38a-3fly,-1.49,0.454,1.127,1.4601,1,p38,OPLS 2015
p38a-3flw,p38a-3fly,-0.74,0.901,1.178,0.994,0,p38,OPLS 2015
p38a-3fmh,p38a-3fly,-0.59,1.037,0.179,0.7382,0,p38,OPLS 2015
p38a-3fmk,p38a-3fly,0.41,3.952,0.139,2.0333,0,p38,OPLS 2015
p38a-3flw,p38a-2aa,1.41,1.469,1.178,2.3491,2,p38,OPLS 2015
p38a-2aa,p38a-2z,-1.09,-2.443,1.002,1.5579,1,p38,OPLS 2015
p38a-3flq,p38a-2bb,0.87,0.628,1.127,1.9902,2,p38,OPLS 2015
p38a-3fmh,p38a-3flq,0.9,0.583,0.179,1.6776,1,p38,OPLS 2015
p38a-3fmk,p38a-3flq,1.9,3.498,0.139,2.4539,0,p38,OPLS 2015
p38a-2bb,p38a-2y,-0.72,-1.242,1.127,2.9297,1,p38,OPLS 2015
p38a-2z,p38a-2y,0.58,0.807,1.002,1.7418,1,p38,OPLS 2015
23476,20670-2qbs-,0.33,0.721,0.225,1.3036,0,ptp1b,OPLS 2015
23476,23474,0.3,-0.083,0.277,2.0204,0,ptp1b,OPLS 2015
23479,23476,-0.27,-0.931,0.491,1.6757,0,ptp1b,OPLS 2015
23330-2qbq-,23476,0.72,1.872,0.774,1.6348,0,ptp1b,OPLS 2015
23482,23476,0.6,0.691,0.491,1.1621,0,ptp1b,OPLS 2015
23476,23475,0.69,1.225,0.774,1.0171,0,ptp1b,OPLS 2015
23476,23477,0.56,1.189,0.462,1.1207,0,ptp1b,OPLS 2015
20670-2qbs-,23475,0.36,0.504,0.225,0.8964,0,ptp1b,OPLS 2015
20670-2qbs-,23477,0.23,0.468,0.11,0.7388,0,ptp1b,OPLS 2015
23477,23475,0.13,0.036,0.462,0.87,0,ptp1b,OPLS 2015
23330-2qbq-,23475,1.41,3.098,0.774,1.8361,0,ptp1b,OPLS 2015
23475,23468,0.97,2.631,0.157,1.0312,0,ptp1b,OPLS 2015
23474,23475,0.39,1.308,0.277,1.1955,0,ptp1b,OPLS 2015
23474,20669-2qbr-,0.5,1.519,0.157,1.3341,0,ptp1b,OPLS 2015
23480,23479,-0.42,-0.824,1.074,1.0685,0,ptp1b,OPLS 2015
23482,23479,0.87,1.622,1.074,1.8795,0,ptp1b,OPLS 2015
23480,23482,-1.29,-2.446,1.074,1.7082,0,ptp1b,OPLS 2015
23483,23482,-0.14,1.037,0.144,1.3379,0,ptp1b,OPLS 2015
20667-2qbp-,23482,1.41,1.733,0.144,2.3803,1,ptp1b,OPLS 2015
20667-2qbp-,23483,1.55,0.697,0.144,2.3671,0,ptp1b,OPLS 2015
20667-2qbp-,23486,-1.05,-1.17,0.271,0.7661,0,ptp1b,OPLS 2015
20667-2qbp-,23485,0.41,2.755,0.271,0.7049,0,ptp1b,OPLS 2015
20667-2qbp-,23484,3.67,1.195,0.087,1.3842,0,ptp1b,OPLS 2015
23486,23485,1.46,3.925,0.271,0.9074,0,ptp1b,OPLS 2015
23486,23484,4.72,2.365,0.087,0.7701,0,ptp1b,OPLS 2015
23469,20669-2qbr-,-0.89,-1.302,1.178,1.1526,0,ptp1b,OPLS 2015
20669-2qbr-,23473,0.22,0.012,0.201,1.1068,0,ptp1b,OPLS 2015
23472,20669-2qbr-,0.04,-1.616,1.178,1.342,0,ptp1b,OPLS 2015
23469,23468,-0.03,1.117,0.201,1.5563,0,ptp1b,OPLS 2015
23472,23469,0.93,-0.314,1.178,2.6864,0,ptp1b,OPLS 2015
23468,23471,0.0,0.877,0.266,1.6711,0,ptp1b,OPLS 2015
23470,23468,-0.03,-0.913,0.266,1.5034,0,ptp1b,OPLS 2015
23468,23466,-0.1,0.133,0.139,1.9789,0,ptp1b,OPLS 2015
23468,23467,0.41,0.745,0.201,1.8128,0,ptp1b,OPLS 2015
23470,23471,-0.03,-0.037,0.266,3.5773,0,ptp1b,OPLS 2015
23473,23467,1.05,3.152,0.201,2.6738,1,ptp1b,OPLS 2015
23467,23466,-0.51,-0.613,0.139,1.3463,0,ptp1b,OPLS 2015
6b,6a,-0.29,-0.795,0.192,0.7628,0,thrombin,OPLS 2015
6b,7a,0.67,1.542,0.192,1.406,0,thrombin,OPLS 2015
6b,6e,-0.02,-0.767,0.058,0.8154,0,thrombin,OPLS 2015
6a,6e,0.27,0.027,0.058,0.5954,0,thrombin,OPLS 2015
6a,1b,0.72,0.158,0.192,1.2433,0,thrombin,OPLS 2015
7a,3a,-0.1,-0.668,0.192,0.8092,0,thrombin,OPLS 2015
1b,5,0.88,1.755,0.52,1.5803,0,thrombin,OPLS 2015
1b,1d,0.21,-1.582,0.52,1.2317,0,thrombin,OPLS 2015
1b,1a,0.98,2.043,0.144,0.8222,0,thrombin,OPLS 2015
1b,1c,-0.1,-0.627,0.052,1.1183,0,thrombin,OPLS 2015
1d,5,0.67,3.338,0.52,2.0143,0,thrombin,OPLS 2015
1a,5,-0.1,-0.287,0.144,0.8266,0,thrombin,OPLS 2015
3a,5,0.74,0.245,0.652,0.9946,0,thrombin,OPLS 2015
1c,5,0.98,2.383,0.052,1.7851,0,thrombin,OPLS 2015
3b,5,0.28,3.377,0.652,1.1021,0,thrombin,OPLS 2015
3b,3a,-0.46,3.133,0.652,0.6745,0,thrombin,OPLS 2015
ejm-48,ejm-47,-0.7,-0.113,0.023,1.0208,1,tyk2,OPLS 2015
ejm-47,ejm-46,-1.61,-0.473,0.023,1.3946,0,tyk2,OPLS 2015
ejm-48,ejm-46,-2.31,-0.587,0.023,1.1469,0,tyk2,OPLS 2015
jmc-27,ejm-46,-0.03,0.489,0.167,1.1683,0,tyk2,OPLS 2015
ejm-45,ejm-46,-1.75,-0.679,0.294,1.2426,0,tyk2,OPLS 2015
jmc-28,ejm-46,-0.33,0.571,0.167,1.2571,0,tyk2,OPLS 2015
ejm-46,ejm-42,1.53,0.611,0.294,0.8376,0,tyk2,OPLS 2015
jmc-27,jmc-28,0.3,-0.082,0.167,0.8746,0,tyk2,OPLS 2015
jmc-27,jmc-23,-0.42,-0.476,0.139,1.25,0,tyk2,OPLS 2015
jmc-30,jmc-27,-0.34,-0.449,0.006,1.186,0,tyk2,OPLS 2015
jmc-28,jmc-23,-0.72,-0.394,0.139,1.324,1,tyk2,OPLS 2015
jmc-30,jmc-28,-0.04,-0.531,0.006,1.6348,1,tyk2,OPLS 2015
ejm-45,ejm-50,0.58,0.527,0.433,1.8075,1,tyk2,OPLS 2015
ejm-45,ejm-42,-0.22,-0.068,0.433,0.9364,0,tyk2,OPLS 2015
ejm-50,ejm-42,-0.8,-0.594,0.514,0.7716,1,tyk2,OPLS 2015
ejm-50,ejm-31,-0.56,0.751,0.514,1.0124,0,tyk2,OPLS 2015
ejm-42,ejm-31,0.24,1.345,0.543,0.8713,1,tyk2,OPLS 2015
ejm-54,ejm-42,0.75,-0.588,0.543,1.0102,0,tyk2,OPLS 2015
ejm-42,ejm-55,0.57,-0.074,0.3,1.2763,0,tyk2,OPLS 2015
ejm-55,ejm-31,-0.33,1.42,0.387,1.1054,1,tyk2,OPLS 2015
ejm-43,ejm-31,-1.28,0.863,0.803,1.29,0,tyk2,OPLS 2015
ejm-44,ejm-31,-2.12,-0.623,0.803,1.5435,0,tyk2,OPLS 2015
ejm-49,ejm-31,-1.79,0.237,0.468,1.5033,0,tyk2,OPLS 2015
ejm-54,ejm-31,0.99,0.758,0.543,1.4501,0,tyk2,OPLS 2015
ejm-43,ejm-55,-0.95,-0.556,0.387,1.0294,0,tyk2,OPLS 2015
ejm-44,ejm-43,-0.84,-1.487,0.803,1.3697,0,tyk2,OPLS 2015
ejm-49,ejm-43,-0.51,-0.627,0.468,0.9767,1,tyk2,OPLS 2015
41,37,-0.24,-1.707,0.739,1.1011,0,cdk8,OPLS 2015
40,37,-0.33,-2.303,0.739,2.0096,0,cdk8,OPLS 2015
39,37,0.0,-1.876,0.012,1.2051,0,cdk8,OPLS 2015
37,35,0.0,0.929,1.247,1.7639,1,cdk8,OPLS 2015
34,37,-0.33,-1.207,0.104,0.8071,0,cdk8,OPLS 2015
37,32,1.97,2.985,3.43,2.5597,0,cdk8,OPLS 2015
36,37,-0.24,-0.605,1.247,1.2985,1,cdk8,OPLS 2015
31,37,0.41,-0.94,0.872,1.3774,0,cdk8,OPLS 2015
37,26,1.3,4.141,3.43,1.4972,4,cdk8,OPLS 2015
30,37,0.17,-3.005,0.257,1.3042,1,cdk8,OPLS 2015
37,19,0.79,2.887,3.106,1.3073,6,cdk8,OPLS 2015
38,37,-0.14,-2.055,0.249,0.8415,0,cdk8,OPLS 2015
41,40,0.09,0.597,0.739,1.18,3,cdk8,OPLS 2015
39,28,5.29,5.296,0.313,2.3553,2,cdk8,OPLS 2015
39,19,0.79,1.011,0.313,3.2278,0,cdk8,OPLS 2015
30,35,0.17,-2.076,0.85,1.6253,0,cdk8,OPLS 2015
31,35,0.41,-0.01,0.872,1.6184,1,cdk8,OPLS 2015
36,35,-0.24,0.325,1.247,1.2876,0,cdk8,OPLS 2015
35,44,0.0,1.79,1.449,0.8773,0,cdk8,OPLS 2015
35,19,0.79,1.958,1.449,1.8625,0,cdk8,OPLS 2015
30,42,0.17,1.79,0.85,1.0847,1,cdk8,OPLS 2015
30,13,0.41,2.23,0.271,3.1501,2,cdk8,OPLS 2015
38,34,0.19,-0.847,0.104,0.9476,0,cdk8,OPLS 2015
38,43,-0.55,2.222,0.249,1.3424,3,cdk8,OPLS 2015
19,32,1.18,0.098,3.106,0.8023,0,cdk8,OPLS 2015
21,32,0.21,1.017,3.43,2.103,0,cdk8,OPLS 2015
33,19,0.38,1.709,0.953,0.7295,0,cdk8,OPLS 2015
19,24,0.39,1.767,0.999,1.9164,1,cdk8,OPLS 2015
20,19,-0.03,1.34,0.953,1.5008,0,cdk8,OPLS 2015
25,19,-0.93,-1.922,0.999,1.8921,0,cdk8,OPLS 2015
19,17,1.73,4.847,1.449,2.0448,2,cdk8,OPLS 2015
29,33,-1.85,-3.391,0.9,1.7804,0,cdk8,OPLS 2015
20,33,-0.41,-0.37,0.953,1.4558,0,cdk8,OPLS 2015
43,44,0.41,-1.558,0.249,1.005,1,cdk8,OPLS 2015
42,44,0.0,-2.076,1.155,0.7921,0,cdk8,OPLS 2015
42,13,0.24,0.44,0.271,1.8604,0,cdk8,OPLS 2015
42,45,0.33,-1.033,1.155,1.6022,1,cdk8,OPLS 2015
45,44,-0.33,-1.043,1.155,1.2567,0,cdk8,OPLS 2015
44,18,0.55,3.283,1.449,0.7951,3,cdk8,OPLS 2015
27,24,-1.87,-0.102,2.436,4.4547,2,cdk8,OPLS 2015
25,24,-0.54,-0.155,2.436,4.5439,0,cdk8,OPLS 2015
27,25,-1.33,0.052,2.436,2.5691,1,cdk8,OPLS 2015
29,25,-0.54,0.241,0.9,3.9827,0,cdk8,OPLS 2015
28,26,-3.99,-3.031,3.43,2.5784,1,cdk8,OPLS 2015
28,21,-3.53,-5.203,3.43,2.1072,4,cdk8,OPLS 2015
18,17,1.97,1.732,1.449,0.9159,1,cdk8,OPLS 2015
18,15,3.27,1.581,0.214,0.9492,1,cdk8,OPLS 2015
17,15,1.3,-0.151,0.214,1.3005,5,cdk8,OPLS 2015
15,16,-1.6,-1.74,0.675,1.6623,0,cdk8,OPLS 2015
15,14,-0.65,0.45,0.675,3.3282,4,cdk8,OPLS 2015
16,14,0.95,2.19,0.675,1.2011,3,cdk8,OPLS 2015
23,21,-0.74,-0.217,0.115,1.6264,0,cdk8,OPLS 2015
21,22,-0.52,-1.667,0.115,1.0738,0,cdk8,OPLS 2015
23,22,-1.26,-1.883,0.115,1.0977,2,cdk8,OPLS 2015
CHEMBL3402745-200,CHEMBL3402744-300,0.24,2.397,0.445,0.6263,2,cmet,OPLS 2015
CHEMBL3402755-4200,CHEMBL3402745-200,-1.8,-4.163,0.445,0.857,0,cmet,OPLS 2015
CHEMBL3402755-4200,CHEMBL3402744-300,-1.56,-1.767,0.445,1.0902,0,cmet,OPLS 2015
CHEMBL3402755-4200,CHEMBL3402753-200,-1.8,-1.5,0.38,0.5657,1,cmet,OPLS 2015
CHEMBL3402755-4200,CHEMBL3402752-30000,1.17,0.18,0.38,0.7452,2,cmet,OPLS 2015
CHEMBL3402753-200,CHEMBL3402754-40,-0.95,-1.594,2.361,0.45,1,cmet,OPLS 2015
CHEMBL3402753-200,CHEMBL3402749-500,0.54,1.999,0.31,1.2963,1,cmet,OPLS 2015
CHEMBL3402753-200,CHEMBL3402750-400,0.41,0.22,0.38,0.772,1,cmet,OPLS 2015
CHEMBL3402753-200,CHEMBL3402748-5300,1.94,2.043,0.537,1.0406,1,cmet,OPLS 2015
CHEMBL3402761-1,CHEMBL3402753-200,3.14,2.787,2.361,1.42,0,cmet,OPLS 2015
CHEMBL3402761-1,CHEMBL3402754-40,2.19,1.193,2.361,4.4073,14,cmet,OPLS 2015
CHEMBL3402754-40,CHEMBL3402748-5300,2.89,3.637,0.537,0.8591,0,cmet,OPLS 2015
CHEMBL3402754-40,CHEMBL3402747-3400,2.63,3.921,0.31,0.8319,1,cmet,OPLS 2015
CHEMBL3402749-500,CHEMBL3402747-3400,1.14,0.329,0.31,0.7242,5,cmet,OPLS 2015
CHEMBL3402750-400,CHEMBL3402751-2100,0.98,0.67,0.38,0.7471,2,cmet,OPLS 2015
CHEMBL3402751-2100,CHEMBL3402752-30000,1.58,0.79,0.38,0.5161,0,cmet,OPLS 2015
CHEMBL3402756-2-7,CHEMBL3402757-6-5,0.52,-0.911,0.306,1.8742,1,cmet,OPLS 2015
CHEMBL3402756-2-7,CHEMBL3402743-42,1.63,-0.245,0.306,4.6554,7,cmet,OPLS 2015
CHEMBL3402756-2-7,CHEMBL3402758-10,0.78,-0.444,0.179,0.7452,0,cmet,OPLS 2015
CHEMBL3402759-5-7,CHEMBL3402757-6-5,0.08,-0.43,1.055,2.0552,3,cmet,OPLS 2015
CHEMBL3402757-6-5,CHEMBL3402758-10,0.26,0.467,0.497,2.508,2,cmet,OPLS 2015
CHEMBL3402760-1,CHEMBL3402757-6-5,1.11,0.353,1.055,3.4155,10,cmet,OPLS 2015
CHEMBL3402757-6-5,CHEMBL3402743-42,1.11,0.665,0.306,3.1546,1,cmet,OPLS 2015
CHEMBL3402759-5-7,CHEMBL3402758-10,0.34,0.037,0.497,4.4993,6,cmet,OPLS 2015
CHEMBL3402762-1,CHEMBL3402759-5-7,1.03,2.517,1.055,1.6182,0,cmet,OPLS 2015
CHEMBL3402762-1,CHEMBL3402760-1,0.0,1.733,1.055,0.8656,1,cmet,OPLS 2015
CHEMBL3402743-42,CHEMBL3402764-90,0.45,1.312,2.5,6.3468,9,cmet,OPLS 2015
CHEMBL3402765-11-charged-pKa-8-1,CHEMBL3402743-42,0.8,-0.041,1.466,6.425,3,cmet,OPLS 2015
CHEMBL3402743-42,CHEMBL3402742-23,-0.36,-0.344,2.5,1.3897,0,cmet,OPLS 2015
CHEMBL3402765-11-charged-pKa-8-1,CHEMBL3402764-90,1.25,1.271,1.466,1.3854,5,cmet,OPLS 2015
CHEMBL3402742-23,CHEMBL3402764-90,0.81,1.656,2.5,3.4096,10,cmet,OPLS 2015
CHEMBL3402763-90,CHEMBL3402742-23,-0.81,0.417,1.114,3.8839,0,cmet,OPLS 2015
CHEMBL3402741-400,CHEMBL3402742-23,-1.69,0.353,1.114,4.0741,0,cmet,OPLS 2015
CHEMBL3402741-400,CHEMBL3402763-90,-0.88,-0.063,1.114,1.2292,1,cmet,OPLS 2015
CHEMBL1078691,CHEMBL1089056,0.75,1.387,0.727,1.4968,0,eg5,OPLS 2015
CHEMBL1089056,CHEMBL1084115,0.0,-0.517,0.508,0.8603,0,eg5,OPLS 2015
CHEMBL1089056,CHEMBL1088740,0.74,2.04,0.727,1.2278,0,eg5,OPLS 2015
CHEMBL1089056,CHEMBL1078998,-0.93,0.237,0.508,1.1068,0,eg5,OPLS 2015
CHEMBL1093088,CHEMBL1089056,1.78,1.923,2.205,2.8743,0,eg5,OPLS 2015
CHEMBL1078774,CHEMBL1089056,1.16,0.123,0.727,0.9932,0,eg5,OPLS 2015
CHEMBL1089056,CHEMBL1089393,1.06,0.54,0.727,1.6337,0,eg5,OPLS 2015
CHEMBL1085895,CHEMBL1089056,1.42,1.347,2.205,3.6074,13,eg5,OPLS 2015
CHEMBL1078774,CHEMBL1078691,0.41,-1.263,0.727,1.7085,0,eg5,OPLS 2015
CHEMBL1078691,CHEMBL1084115,0.75,0.87,0.006,0.9473,0,eg5,OPLS 2015
CHEMBL1084115,CHEMBL1078998,-0.93,0.753,0.508,1.1378,0,eg5,OPLS 2015
CHEMBL1088740,CHEMBL1089393,0.32,-1.5,0.727,0.563,0,eg5,OPLS 2015
CHEMBL1085895,CHEMBL1093088,-0.36,-0.577,2.205,3.7939,3,eg5,OPLS 2015
CHEMBL1083517,CHEMBL1086409,1.59,0.82,0.577,1.4584,0,eg5,OPLS 2015
CHEMBL1083517,CHEMBL1086410,0.0,1.28,0.577,1.7491,0,eg5,OPLS 2015
CHEMBL1086409,CHEMBL1086410,-1.59,0.46,0.577,0.9799,0,eg5,OPLS 2015
CHEMBL1086409,CHEMBL1077227,-1.45,0.27,0.023,1.8398,0,eg5,OPLS 2015
CHEMBL1086410,CHEMBL1083836,0.6,-0.432,0.803,1.722,0,eg5,OPLS 2015
CHEMBL1086410,CHEMBL1077227,0.14,-0.19,0.023,1.3761,0,eg5,OPLS 2015
CHEMBL1086410,CHEMBL1085666,0.96,2.165,0.6,1.7173,0,eg5,OPLS 2015
CHEMBL1084935,CHEMBL1086410,-0.93,-1.188,0.6,2.6431,0,eg5,OPLS 2015
CHEMBL1086410,CHEMBL1082248,-0.17,-1.444,0.825,1.4699,0,eg5,OPLS 2015
CHEMBL1084677,CHEMBL1086410,0.0,1.677,0.825,5.2115,4,eg5,OPLS 2015
CHEMBL1083836,CHEMBL1082248,-0.77,-1.012,0.803,1.2709,0,eg5,OPLS 2015
CHEMBL1093087,CHEMBL1085666,0.03,5.728,2.581,3.6454,0,eg5,OPLS 2015
CHEMBL1084935,CHEMBL1085666,0.03,0.978,0.6,3.3862,5,eg5,OPLS 2015
CHEMBL1084678,CHEMBL1085666,0.63,4.267,3.372,6.0474,11,eg5,OPLS 2015
CHEMBL1084677,CHEMBL1085666,0.96,3.842,3.372,2.7771,10,eg5,OPLS 2015
CHEMBL1084431,CHEMBL1093087,-0.73,3.469,0.826,7.0299,10,eg5,OPLS 2015
CHEMBL1093087,CHEMBL1084678,-0.6,1.461,2.581,4.6054,1,eg5,OPLS 2015
CHEMBL1084431,CHEMBL1084678,-1.33,4.931,0.826,5.687,0,eg5,OPLS 2015
CHEMBL1084678,CHEMBL1084677,-0.33,0.425,3.372,3.0425,0,eg5,OPLS 2015
CHEMBL1077204,CHEMBL1084677,-0.41,-1.717,1.634,2.1893,0,eg5,OPLS 2015
CHEMBL1084143,CHEMBL1084677,0.41,1.674,0.825,3.0971,0,eg5,OPLS 2015
CHEMBL1084676,CHEMBL1084677,-0.75,-1.393,1.634,1.7053,0,eg5,OPLS 2015
CHEMBL1077204,CHEMBL1084676,0.34,-0.323,1.634,1.2748,0,eg5,OPLS 2015
CHEMBL1082249,CHEMBL1082248,-0.41,0.686,0.647,1.4577,0,eg5,OPLS 2015
CHEMBL1096002,CHEMBL1082248,-0.5,0.503,0.647,1.4714,0,eg5,OPLS 2015
CHEMBL1085692,CHEMBL1082248,-0.31,1.976,0.825,2.1435,0,eg5,OPLS 2015
CHEMBL1085692,CHEMBL1082249,0.1,1.29,0.479,2.1411,1,eg5,OPLS 2015
CHEMBL1082249,CHEMBL1096002,0.09,0.183,0.647,1.4111,0,eg5,OPLS 2015
CHEMBL1085692,CHEMBL1096003,-0.55,0.004,0.825,2.5924,0,eg5,OPLS 2015
CHEMBL1084143,CHEMBL1096003,0.0,-0.064,0.825,1.78,0,eg5,OPLS 2015
215,206,0.48,1.803,0.724,0.7311,1,hif2a,OPLS 2015
215,252,0.89,-4.438,0.483,1.5134,0,hif2a,OPLS 2015
215,167,-0.07,-1.265,0.724,1.061,2,hif2a,OPLS 2015
206,163,-0.89,-2.727,0.724,1.0993,1,hif2a,OPLS 2015
206,252,0.41,-6.24,0.52,1.7174,0,hif2a,OPLS 2015
163,252,1.3,-3.513,0.52,0.7305,2,hif2a,OPLS 2015
163,234,0.66,-0.145,0.724,0.3624,1,hif2a,OPLS 2015
254,163,-1.46,-0.407,0.064,1.3793,0,hif2a,OPLS 2015
163,165,1.77,1.189,0.224,0.6021,0,hif2a,OPLS 2015
163,164,4.25,3.662,0.115,0.722,0,hif2a,OPLS 2015
15,163,0.04,2.01,0.433,0.6574,0,hif2a,OPLS 2015
237,163,-1.46,-3.556,0.09,1.3375,0,hif2a,OPLS 2015
163,231,0.99,0.117,0.353,0.4808,0,hif2a,OPLS 2015
252,256,-0.96,0.285,0.5,0.5636,0,hif2a,OPLS 2015
237,252,-0.16,-7.068,0.025,1.1896,0,hif2a,OPLS 2015
15,252,1.34,-1.503,0.433,1.3147,1,hif2a,OPLS 2015
338,252,1.05,-0.82,0.081,0.3821,0,hif2a,OPLS 2015
252,67,-0.46,-1.462,0.052,0.6464,0,hif2a,OPLS 2015
252,164,2.95,7.174,0.774,1.069,0,hif2a,OPLS 2015
290,252,0.86,-1.251,0.774,1.061,0,hif2a,OPLS 2015
252,336,-0.11,0.09,0.081,0.5131,0,hif2a,OPLS 2015
254,252,-0.16,-3.92,0.5,1.6378,0,hif2a,OPLS 2015
167,234,0.32,0.195,0.724,0.7336,0,hif2a,OPLS 2015
254,251,-0.69,0.497,0.5,0.7382,0,hif2a,OPLS 2015
251,256,-0.43,-4.133,0.5,1.8653,0,hif2a,OPLS 2015
256,67,0.5,-1.748,0.052,0.7593,0,hif2a,OPLS 2015
290,165,1.33,3.451,0.224,1.3396,0,hif2a,OPLS 2015
290,164,3.81,5.923,0.775,1.4885,0,hif2a,OPLS 2015
164,231,-3.26,-3.544,0.775,1.544,0,hif2a,OPLS 2015
237,164,2.79,0.106,0.77,0.9904,0,hif2a,OPLS 2015
237,155,-0.95,-4.401,0.031,1.2592,0,hif2a,OPLS 2015
237,25,-0.73,-5.353,0.085,1.3433,0,hif2a,OPLS 2015
237,235,-0.57,-4.899,0.77,1.2714,0,hif2a,OPLS 2015
15,25,0.77,0.213,0.085,0.6011,1,hif2a,OPLS 2015
290,235,0.45,0.919,0.77,0.7382,0,hif2a,OPLS 2015
290,227,-0.19,0.522,0.775,0.6845,0,hif2a,OPLS 2015
290,57,-0.1,1.186,0.502,0.4888,0,hif2a,OPLS 2015
155,156,0.76,-0.444,0.248,0.729,0,hif2a,OPLS 2015
57,155,0.17,0.231,0.031,0.4562,0,hif2a,OPLS 2015
155,1,-0.82,-0.974,0.34,0.664,0,hif2a,OPLS 2015
155,30,-0.07,-1.046,0.664,0.7432,0,hif2a,OPLS 2015
155,23,3.43,1.833,0.329,0.7826,1,hif2a,OPLS 2015
155,61,0.39,0.753,0.225,0.8491,0,hif2a,OPLS 2015
155,42,1.56,-1.352,0.664,0.558,0,hif2a,OPLS 2015
156,1,-1.58,-0.531,0.248,0.7151,0,hif2a,OPLS 2015
156,31,0.9,0.447,0.134,1.0184,0,hif2a,OPLS 2015
227,57,0.09,0.664,0.502,0.4623,0,hif2a,OPLS 2015
1,61,1.21,1.727,0.225,0.4924,0,hif2a,OPLS 2015
7b,1,-3.93,-5.53,0.34,1.792,0,hif2a,OPLS 2015
7a,1,-1.32,-0.84,0.152,0.5554,0,hif2a,OPLS 2015
23,1,-4.25,-2.807,0.329,0.6826,0,hif2a,OPLS 2015
1,84,3.74,1.61,0.018,1.0,0,hif2a,OPLS 2015
227,231,0.74,1.857,0.775,1.0119,1,hif2a,OPLS 2015
289,231,0.89,0.81,0.033,0.6595,0,hif2a,OPLS 2015
289,336,1.09,-2.73,0.033,0.6083,0,hif2a,OPLS 2015
338,336,0.94,-0.73,0.081,0.4254,0,hif2a,OPLS 2015
7b,41,-2.4,-7.17,0.34,1.3803,0,hif2a,OPLS 2015
7a,41,0.21,-2.48,0.152,0.6515,0,hif2a,OPLS 2015
235,224,0.46,5.19,0.71,1.1236,0,hif2a,OPLS 2015
266,235,0.41,1.61,0.71,0.6788,0,hif2a,OPLS 2015
266,224,0.87,6.8,0.71,1.2925,0,hif2a,OPLS 2015
30,42,1.63,-0.306,0.664,1.5209,0,hif2a,OPLS 2015
42,43,0.24,-0.447,0.134,0.5557,0,hif2a,OPLS 2015
42,41,-0.85,-1.262,0.681,0.5166,1,hif2a,OPLS 2015
42,35,1.79,-1.529,0.681,0.8382,1,hif2a,OPLS 2015
43,31,-0.14,1.803,0.134,1.2323,0,hif2a,OPLS 2015
35,41,-2.64,0.267,0.681,0.6307,0,hif2a,OPLS 2015
41,54,0.48,2.64,0.271,0.882,0,hif2a,OPLS 2015
124,41,0.33,-2.935,0.237,1.024,0,hif2a,OPLS 2015
84,41,-2.21,-3.25,0.018,1.0341,0,hif2a,OPLS 2015
35,50,-2.55,4.098,0.635,1.4536,0,hif2a,OPLS 2015
35,54,-2.16,2.907,0.635,1.5135,0,hif2a,OPLS 2015
54,50,-0.39,1.192,0.635,1.151,0,hif2a,OPLS 2015
124,54,0.81,-0.295,0.237,0.8904,0,hif2a,OPLS 2015
53,52,-3.4,-1.793,0.144,0.9372,1,pfkfb3,OPLS 2015
53,35,-3.14,-2.537,0.144,1.8065,0,pfkfb3,OPLS 2015
52,35,0.26,-0.743,0.144,0.8386,0,pfkfb3,OPLS 2015
35,29,0.49,2.546,0.289,0.9962,0,pfkfb3,OPLS 2015
54,35,-1.96,-2.6,0.104,0.7184,0,pfkfb3,OPLS 2015
56,35,0.43,0.943,0.202,0.8981,0,pfkfb3,OPLS 2015
35,33,1.53,1.36,0.075,0.8631,0,pfkfb3,OPLS 2015
35,34,0.17,0.674,0.37,1.1341,0,pfkfb3,OPLS 2015
35,62,2.45,4.718,0.064,1.1113,0,pfkfb3,OPLS 2015
36,35,-2.7,-3.413,0.289,1.9358,0,pfkfb3,OPLS 2015
57,35,0.33,0.66,0.104,0.7521,0,pfkfb3,OPLS 2015
55,35,0.5,1.907,0.202,0.794,0,pfkfb3,OPLS 2015
37,35,-0.14,2.363,0.37,5.4984,7,pfkfb3,OPLS 2015
35,31,0.86,1.03,0.075,1.0485,0,pfkfb3,OPLS 2015
35,63,1.58,2.812,0.064,0.858,0,pfkfb3,OPLS 2015
29,26,0.48,0.299,0.075,1.0182,2,pfkfb3,OPLS 2015
36,29,-2.21,-0.867,0.289,2.0053,0,pfkfb3,OPLS 2015
54,57,-2.29,-3.26,0.104,0.8778,0,pfkfb3,OPLS 2015
56,55,-0.07,-0.963,0.202,0.6162,1,pfkfb3,OPLS 2015
33,24,-0.26,1.639,0.241,1.0428,0,pfkfb3,OPLS 2015
33,31,-0.67,-0.329,0.241,0.7021,0,pfkfb3,OPLS 2015
24,19,1.32,1.847,0.241,0.6742,0,pfkfb3,OPLS 2015
24,30,-0.33,-0.559,0.188,2.4606,1,pfkfb3,OPLS 2015
31,30,0.08,1.409,0.188,1.9521,1,pfkfb3,OPLS 2015
31,23,1.37,1.453,0.241,0.8887,1,pfkfb3,OPLS 2015
34,26,0.8,2.171,0.075,1.0722,1,pfkfb3,OPLS 2015
37,34,0.03,3.037,0.37,3.1569,11,pfkfb3,OPLS 2015
19,23,-0.36,-2.363,0.241,1.2419,0,pfkfb3,OPLS 2015
62,63,-0.87,-1.906,0.577,0.8613,0,pfkfb3,OPLS 2015
62,49,-0.24,0.052,0.191,0.9352,0,pfkfb3,OPLS 2015
59,62,0.43,-0.115,0.017,1.0604,1,pfkfb3,OPLS 2015
70,62,2.61,4.056,0.577,0.9364,0,pfkfb3,OPLS 2015
62,44,-2.26,-2.002,0.191,0.9378,1,pfkfb3,OPLS 2015
62,58,-1.44,-2.145,0.017,1.1293,0,pfkfb3,OPLS 2015
63,65,-0.93,-0.773,0.577,0.5022,0,pfkfb3,OPLS 2015
63,64,-0.86,-0.211,0.052,0.4884,1,pfkfb3,OPLS 2015
65,64,0.07,0.561,0.052,0.6673,1,pfkfb3,OPLS 2015
67,65,0.75,0.33,0.156,0.5818,0,pfkfb3,OPLS 2015
69,65,1.22,2.584,0.577,0.6977,0,pfkfb3,OPLS 2015
68,65,0.29,0.26,0.156,0.9809,0,pfkfb3,OPLS 2015
67,68,0.46,0.07,0.156,0.964,0,pfkfb3,OPLS 2015
69,70,0.41,1.206,0.577,0.5404,0,pfkfb3,OPLS 2015
49,44,-2.02,-2.054,0.8,0.7117,1,pfkfb3,OPLS 2015
48,49,0.08,1.097,0.8,0.9176,0,pfkfb3,OPLS 2015
47,49,0.4,-2.258,0.064,1.1261,0,pfkfb3,OPLS 2015
46,49,-0.07,-0.593,0.058,0.8062,1,pfkfb3,OPLS 2015
49,39,0.73,0.112,0.21,0.8732,0,pfkfb3,OPLS 2015
44,43,1.95,-3.045,0.8,1.5,1,pfkfb3,OPLS 2015
47,44,-1.62,-4.312,0.064,0.676,0,pfkfb3,OPLS 2015
46,44,-2.09,-2.647,0.058,0.4305,0,pfkfb3,OPLS 2015
48,20,-0.51,-1.357,0.8,1.3929,1,pfkfb3,OPLS 2015
41,20,-1.13,0.787,0.8,1.1727,0,pfkfb3,OPLS 2015
43,39,0.8,5.211,0.248,0.3895,1,pfkfb3,OPLS 2015
42,43,0.47,-2.376,0.248,0.8092,0,pfkfb3,OPLS 2015
38,43,0.76,-3.111,0.139,1.5241,0,pfkfb3,OPLS 2015
41,43,-0.61,-1.857,0.8,0.9862,0,pfkfb3,OPLS 2015
42,39,1.27,2.836,0.248,1.5883,0,pfkfb3,OPLS 2015
38,39,1.56,2.101,0.139,0.9248,0,pfkfb3,OPLS 2015
59,58,-1.01,-2.26,0.075,0.5301,0,pfkfb3,OPLS 2015
60,59,0.02,2.115,0.075,2.3226,0,pfkfb3,OPLS 2015
60,58,-0.99,-0.145,0.075,1.9723,0,pfkfb3,OPLS 2015
Example-9,Example-14,-0.99,-1.413,0.075,1.1763,1,shp2,OPLS 2015
Example-8,Example-9,0.92,0.617,0.075,1.0929,0,shp2,OPLS 2015
Example-8,Example-14,-0.07,-0.795,0.075,1.9592,0,shp2,OPLS 2015
Example-27,Example-14,-1.26,-6.788,0.318,2.3303,0,shp2,OPLS 2015
SHP099-1-Example-7,Example-14,-0.03,-3.984,0.318,1.1789,0,shp2,OPLS 2015
Example-8,SHP099-1-Example-7,-0.04,3.189,0.248,1.9305,0,shp2,OPLS 2015
Example-8,Example-28,1.25,4.049,0.248,2.0824,2,shp2,OPLS 2015
11,SHP099-1-Example-7,-3.4,-5.013,0.167,1.8991,0,shp2,OPLS 2015
SHP099-1-Example-7,Example-30,0.59,-0.819,0.058,0.65,0,shp2,OPLS 2015
SHP099-1-Example-7,10,2.6,1.057,0.167,0.771,0,shp2,OPLS 2015
Example-28,SHP099-1-Example-7,-1.29,-0.86,1.559,1.2088,1,shp2,OPLS 2015
SHP099-1-Example-7,Example-29,2.13,0.1,1.559,1.4325,0,shp2,OPLS 2015
SHP099-1-Example-7,Example-1,0.76,3.041,0.318,1.0347,0,shp2,OPLS 2015
11,10,-0.8,-3.957,0.167,1.2389,0,shp2,OPLS 2015
Example-30,Example-1,0.17,3.861,0.058,1.1014,0,shp2,OPLS 2015
Example-23,Example-30,-0.42,-3.796,0.098,1.2302,0,shp2,OPLS 2015
Example-24,Example-30,-0.08,-3.784,0.098,2.2217,0,shp2,OPLS 2015
Example-1,Example-2,0.71,2.054,0.208,0.9481,0,shp2,OPLS 2015
Example-6,Example-1,0.08,-1.076,0.375,0.9521,0,shp2,OPLS 2015
Example-1,6,0.96,0.208,0.791,0.8204,0,shp2,OPLS 2015
Example-1,Example-3,0.77,0.228,0.085,1.3928,0,shp2,OPLS 2015
Example-5,Example-1,-1.43,-5.033,0.375,1.2088,0,shp2,OPLS 2015
7,Example-1,-1.91,2.466,0.791,1.4758,0,shp2,OPLS 2015
Example-6,Example-2,0.79,0.978,0.208,1.1057,0,shp2,OPLS 2015
Example-2,Example-4,0.08,-0.328,0.085,1.7201,0,shp2,OPLS 2015
Example-5,Example-6,-1.51,-3.957,0.375,1.5421,0,shp2,OPLS 2015
Example-23,Example-24,-0.34,-0.012,0.785,1.3756,0,shp2,OPLS 2015
Example-23,Example-22,-0.5,-0.611,0.081,1.1122,0,shp2,OPLS 2015
Example-25,Example-23,0.13,-1.069,0.554,1.3106,0,shp2,OPLS 2015
Example-26,Example-23,0.22,-0.709,0.785,1.7467,0,shp2,OPLS 2015
Example-24,Example-22,-0.16,-0.599,0.081,1.3841,0,shp2,OPLS 2015
Example-25,Example-24,-0.21,-1.081,0.554,1.3238,0,shp2,OPLS 2015
Example-26,Example-24,-0.12,-0.721,0.785,1.8768,0,shp2,OPLS 2015
7,6,-0.95,2.674,0.791,1.8292,0,shp2,OPLS 2015
SHP836-2,6,-1.32,-1.992,0.318,2.8633,0,shp2,OPLS 2015
Example-28,Example-29,0.84,-0.76,1.559,1.8595,4,shp2,OPLS 2015
Example-3,Example-4,0.02,1.498,0.085,1.0465,0,shp2,OPLS 2015
SHP836-2,3,1.25,-1.033,0.115,1.8554,0,shp2,OPLS 2015
SHP836-2,Example-27,-1.81,-2.438,0.318,1.5824,0,shp2,OPLS 2015
SHP836-2,4,0.89,-2.667,0.115,0.5644,0,shp2,OPLS 2015
4,3,0.36,1.633,0.115,0.6084,0,shp2,OPLS 2015
CHEMBL3265036,CHEMBL3265032,-0.64,-0.289,0.427,1.0464,0,syk,OPLS 2015
CHEMBL3265033,CHEMBL3265032,0.78,-0.157,0.427,1.2337,0,syk,OPLS 2015
CHEMBL3265031,CHEMBL3265032,1.01,0.257,0.473,0.5235,0,syk,OPLS 2015
CHEMBL3265032,CHEMBL3265034,-0.43,0.999,0.127,0.8497,0,syk,OPLS 2015
CHEMBL3265037,CHEMBL3265032,1.71,-0.91,0.167,1.1098,0,syk,OPLS 2015
CHEMBL3265032,CHEMBL3265030,-0.41,0.071,0.473,1.0689,0,syk,OPLS 2015
CHEMBL3265033,CHEMBL3265036,1.42,0.132,0.427,1.0957,0,syk,OPLS 2015
CHEMBL3265036,CHEMBL3265034,-1.07,0.711,0.127,1.1318,0,syk,OPLS 2015
CHEMBL3265033,CHEMBL3265031,-0.23,-0.414,0.179,0.681,0,syk,OPLS 2015
CHEMBL3265031,CHEMBL3265030,0.6,0.328,0.473,1.4485,0,syk,OPLS 2015
CHEMBL3265030,CHEMBL3265035,0.39,1.19,0.167,1.6086,0,syk,OPLS 2015
CHEMBL3265037,CHEMBL3265017,1.28,1.89,0.167,1.0869,0,syk,OPLS 2015
CHEMBL3265017,CHEMBL3265021,0.6,-0.728,0.052,1.0397,0,syk,OPLS 2015
CHEMBL3265017,CHEMBL3265029,0.37,-0.44,0.167,1.5033,0,syk,OPLS 2015
CHEMBL3265017,CHEMBL3265019,0.71,-2.405,0.716,1.4558,0,syk,OPLS 2015
CHEMBL3265022,CHEMBL3265017,-0.7,-1.684,0.005,1.0119,0,syk,OPLS 2015
CHEMBL3265017,CHEMBL3265020,0.48,-0.561,1.264,0.9171,0,syk,OPLS 2015
CHEMBL3265010,CHEMBL3265017,-1.35,0.441,1.264,1.2124,0,syk,OPLS 2015
CHEMBL3265021,CHEMBL3265020,-0.12,0.167,0.052,0.5657,0,syk,OPLS 2015
CHEMBL3265023,CHEMBL3265021,-0.41,-0.246,0.005,0.8053,0,syk,OPLS 2015
CHEMBL3265029,CHEMBL3265028,0.11,0.75,0.191,1.4012,0,syk,OPLS 2015
CHEMBL3265029,CHEMBL3265027,0.79,0.33,0.191,0.4442,0,syk,OPLS 2015
CHEMBL3265035,CHEMBL3265029,-0.04,1.1,0.167,1.137,0,syk,OPLS 2015
CHEMBL3265028,CHEMBL3265027,0.68,-0.42,0.191,0.5482,0,syk,OPLS 2015
CHEMBL3265020,CHEMBL3265016,-0.68,-0.083,0.716,0.658,0,syk,OPLS 2015
CHEMBL3265010,CHEMBL3265020,-0.87,-0.121,1.264,2.1236,0,syk,OPLS 2015
CHEMBL3265026,CHEMBL3265020,0.35,0.552,0.052,0.9527,0,syk,OPLS 2015
CHEMBL3265016,CHEMBL3265018,0.5,-1.235,0.716,1.5182,0,syk,OPLS 2015
CHEMBL3265026,CHEMBL3265016,-0.33,0.468,0.052,1.1245,0,syk,OPLS 2015
CHEMBL3265018,CHEMBL3265019,0.41,-0.525,0.716,0.5576,0,syk,OPLS 2015
CHEMBL3265023,CHEMBL3265022,-0.31,2.166,0.005,0.9014,0,syk,OPLS 2015
CHEMBL3265024,CHEMBL3265026,0.43,0.803,0.445,0.8184,0,syk,OPLS 2015
CHEMBL3265025,CHEMBL3265026,-1.16,1.337,0.445,0.8417,0,syk,OPLS 2015
CHEMBL3265024,CHEMBL3265025,1.59,-0.533,0.445,0.9122,0,syk,OPLS 2015
CHEMBL3265010,CHEMBL3265009,-0.16,-0.88,0.425,1.009,0,syk,OPLS 2015
CHEMBL3265010,CHEMBL3265014,-0.26,0.93,0.849,2.5841,0,syk,OPLS 2015
CHEMBL3265010,CHEMBL3265008,0.36,-1.41,0.155,1.7066,0,syk,OPLS 2015
CHEMBL3265010,CHEMBL3259820,-0.43,-0.641,0.849,2.1568,0,syk,OPLS 2015
CHEMBL3265010,CHEMBL3265005,-0.19,-0.279,0.26,1.0722,0,syk,OPLS 2015
CHEMBL3265009,CHEMBL3265013,0.49,0.27,0.425,1.636,0,syk,OPLS 2015
CHEMBL3265014,CHEMBL3265013,0.59,-1.54,0.425,2.8044,0,syk,OPLS 2015
CHEMBL3265014,CHEMBL3265012,-0.15,-2.88,0.155,1.4182,0,syk,OPLS 2015
CHEMBL3265014,CHEMBL3259820,-0.17,-1.57,0.849,1.9514,0,syk,OPLS 2015
CHEMBL3265008,CHEMBL3265012,-0.77,-0.54,0.155,1.0938,0,syk,OPLS 2015
CHEMBL3265015,CHEMBL3259820,-1.09,-1.797,0.035,1.7204,0,syk,OPLS 2015
CHEMBL3259820,CHEMBL3265005,0.24,0.362,0.26,1.8768,0,syk,OPLS 2015
CHEMBL3265015,CHEMBL3265011,0.84,0.707,0.035,1.4743,0,syk,OPLS 2015
CHEMBL3265011,CHEMBL3265005,-1.69,-2.143,0.035,1.3728,0,syk,OPLS 2015
CHEMBL3265006,CHEMBL3265005,-0.37,-0.242,0.179,1.5153,0,syk,OPLS 2015
CHEMBL3264999,CHEMBL3265005,1.09,6.546,0.739,1.4012,0,syk,OPLS 2015
CHEMBL3265002,CHEMBL3265005,0.28,6.686,0.739,1.2093,0,syk,OPLS 2015
CHEMBL3264999,CHEMBL3265006,1.46,6.788,0.179,1.6568,0,syk,OPLS 2015
CHEMBL3264996,CHEMBL3264999,-0.75,-0.365,0.52,1.3063,0,syk,OPLS 2015
CHEMBL3265002,CHEMBL3264999,-0.81,0.14,0.739,1.9066,0,syk,OPLS 2015
CHEMBL3265002,CHEMBL3264996,-0.06,0.505,0.52,1.041,0,syk,OPLS 2015
CHEMBL3265002,CHEMBL3265003,-0.21,-0.917,0.445,1.2043,0,syk,OPLS 2015
CHEMBL3265002,CHEMBL3265004,-0.25,-0.213,0.445,1.614,0,syk,OPLS 2015
CHEMBL3265003,CHEMBL3265004,-0.04,0.703,0.445,1.8165,0,syk,OPLS 2015
CHEMBL3264995,CHEMBL3264997,1.41,0.393,1.166,1.5876,0,syk,OPLS 2015
CHEMBL3264998,CHEMBL3264995,-0.67,-0.816,0.468,1.6145,0,syk,OPLS 2015
CHEMBL3265000,CHEMBL3264995,-0.58,-2.153,3.233,3.4265,0,syk,OPLS 2015
CHEMBL3265001,CHEMBL3264995,-0.36,-2.177,3.233,1.1131,0,syk,OPLS 2015
CHEMBL3264995,CHEMBL3264994,2.58,3.601,1.166,3.3712,0,syk,OPLS 2015
CHEMBL3264998,CHEMBL3264997,0.74,-0.424,0.468,1.8294,0,syk,OPLS 2015
CHEMBL3264997,CHEMBL3264994,1.17,3.209,1.166,3.7925,0,syk,OPLS 2015
CHEMBL3265001,CHEMBL3264998,0.31,-1.36,0.121,1.163,0,syk,OPLS 2015
CHEMBL3265000,CHEMBL3265001,-0.22,0.023,3.233,1.6142,0,syk,OPLS 2015
5d,3b,-0.63,-0.883,0.547,1.1123,0,tnks2,OPLS 2015
5d,5e,0.78,0.689,0.058,0.6064,0,tnks2,OPLS 2015
5d,7,2.49,1.114,0.15,0.5445,0,tnks2,OPLS 2015
5k,5d,0.07,-0.57,0.121,0.5826,0,tnks2,OPLS 2015
5m,5d,1.8,0.78,0.547,0.4031,0,tnks2,OPLS 2015
3b,3a,0.52,-0.859,0.058,0.4968,0,tnks2,OPLS 2015
5p,3b,-1.02,-0.511,0.547,1.5481,0,tnks2,OPLS 2015
3b,7,3.12,1.996,0.15,0.5771,0,tnks2,OPLS 2015
5e,5a,-0.65,-1.531,0.058,0.4771,0,tnks2,OPLS 2015
5a,3a,-0.24,-0.901,0.058,0.7875,0,tnks2,OPLS 2015
3a,1a,2.45,4.07,0.416,0.7908,0,tnks2,OPLS 2015
3a,1b,1.06,2.84,0.416,0.6592,0,tnks2,OPLS 2015
5k,5m,-1.73,-1.35,0.121,0.4549,0,tnks2,OPLS 2015
5k,5f,0.7,-1.511,0.045,0.5054,0,tnks2,OPLS 2015
5o,5m,-0.65,-0.229,0.547,1.3896,0,tnks2,OPLS 2015
5m,5i,0.61,-0.509,0.045,0.6297,0,tnks2,OPLS 2015
5f,5i,-1.82,-0.348,0.087,0.4884,0,tnks2,OPLS 2015
5l,5f,-0.17,0.379,0.157,0.5025,0,tnks2,OPLS 2015
5f,5g,-0.55,-1.57,0.157,0.5341,0,tnks2,OPLS 2015
5h,5f,-0.21,-1.446,0.012,0.7655,0,tnks2,OPLS 2015
5i,5g,1.27,-1.221,0.087,0.6664,0,tnks2,OPLS 2015
5h,5i,-2.03,-1.794,0.012,0.5882,0,tnks2,OPLS 2015
5g,5c,0.85,0.919,0.157,0.5665,0,tnks2,OPLS 2015
5l,5b,-0.38,-0.693,0.157,0.6107,0,tnks2,OPLS 2015
5l,5j,-0.99,0.074,0.081,0.8693,0,tnks2,OPLS 2015
5b,5c,0.51,0.421,0.157,0.5341,0,tnks2,OPLS 2015
5j,5b,0.61,-0.766,0.081,0.5033,0,tnks2,OPLS 2015
5o,5n,1.33,0.289,0.547,1.1483,0,tnks2,OPLS 2015
5p,5n,-0.21,0.111,0.547,1.0161,0,tnks2,OPLS 2015
1b,1a,1.39,1.23,0.416,0.4941,0,tnks2,OPLS 2015
8f,8e,1.57,1.07,0.66,0.6798,0,tnks2,OPLS 2015
8f,8d,-0.68,0.077,0.66,0.7469,0,tnks2,OPLS 2015
8f,8b,-0.12,0.353,0.04,0.5646,0,tnks2,OPLS 2015
8e,8c,0.12,0.443,0.66,1.3567,0,tnks2,OPLS 2015
8e,8a,-0.57,-0.423,0.04,1.1353,0,tnks2,OPLS 2015
8d,8c,2.37,1.437,0.66,1.7521,0,tnks2,OPLS 2015
8b,8a,1.12,0.293,0.04,0.6673,0,tnks2,OPLS 2015
